datetime,temperature_2m,relative_humidity_2m,dew_point_2m,wind_speed_10m,wind_gusts_10m,precipitation,surface_pressure,shortwave_radiation,cloud_cover,visibility,et0_fao_evapotranspiration,cape,weathercode,hospital,fetched_at
2026-05-05 00:00:00,13.6,73,8.9,11.5,25.6,0.0,1012.8,0.0,100,19400.0,0.02,10.0,3,kings_college_nhs,2026-05-05T12:18:53+00:00
2026-05-05 01:00:00,12.3,86,10.0,10.4,22.7,0.0,1012.9,0.0,100,12460.0,0.0,20.0,3,kings_college_nhs,2026-05-05T12:18:53+00:00
2026-05-05 02:00:00,11.9,83,9.1,8.6,19.1,0.0,1012.6,0.0,100,15920.0,0.0,20.0,3,kings_college_nhs,2026-05-05T12:18:53+00:00
2026-05-05 03:00:00,11.6,83,8.8,8.3,18.4,0.0,1011.9,0.0,100,15560.0,0.0,20.0,3,kings_college_nhs,2026-05-05T12:18:53+00:00
2026-05-05 04:00:00,11.4,86,9.2,6.8,15.5,0.1,1011.6,0.0,100,10160.0,0.0,10.0,51,kings_college_nhs,2026-05-05T12:18:53+00:00
2026-05-05 05:00:00,11.4,84,8.8,8.6,19.1,0.0,1011.5,0.0,100,11720.0,0.0,20.0,3,kings_college_nhs,2026-05-05T12:18:53+00:00
2026-05-05 06:00:00,11.4,82,8.5,7.6,16.6,0.0,1011.7,3.0,100,12340.0,0.02,20.0,3,kings_college_nhs,2026-05-05T12:18:53+00:00
2026-05-05 07:00:00,11.7,80,8.3,8.3,17.6,0.0,1011.2,45.0,100,12640.0,0.04,20.0,3,kings_college_nhs,2026-05-05T12:18:53+00:00
2026-05-05 08:00:00,12.1,74,7.6,8.6,19.4,0.0,1011.5,36.0,100,14000.0,0.05,20.0,3,kings_college_nhs,2026-05-05T12:18:53+00:00
2026-05-05 09:00:00,12.4,69,6.9,9.4,21.2,0.0,1011.5,143.0,98,15300.0,0.1,20.0,3,kings_college_nhs,2026-05-05T12:18:53+00:00
2026-05-05 10:00:00,13.0,63,6.1,10.1,23.0,0.0,1011.3,202.0,99,16520.0,0.14,20.0,3,kings_college_nhs,2026-05-05T12:18:53+00:00
2026-05-05 11:00:00,13.9,56,5.3,10.4,24.8,0.0,1011.1,386.0,91,18240.0,0.22,30.0,3,kings_college_nhs,2026-05-05T12:18:53+00:00
2026-05-05 12:00:00,15.4,45,3.5,11.9,28.4,0.0,1011.1,521.0,92,21740.0,0.31,60.0,3,kings_college_nhs,2026-05-05T12:18:53+00:00
2026-05-05 13:00:00,16.3,41,3.0,11.2,28.1,0.0,1010.7,623.0,93,23300.0,0.37,80.0,3,kings_college_nhs,2026-05-05T12:18:53+00:00
2026-05-05 14:00:00,16.7,42,3.7,11.2,27.4,0.0,1010.4,432.0,79,23320.0,0.29,90.0,2,kings_college_nhs,2026-05-05T12:18:53+00:00
2026-05-05 15:00:00,17.1,42,4.1,10.4,26.6,0.0,1009.9,285.0,100,23580.0,0.23,80.0,3,kings_college_nhs,2026-05-05T12:18:53+00:00
2026-05-05 16:00:00,17.1,42,4.1,11.2,27.4,0.0,1009.5,219.0,100,22880.0,0.2,90.0,3,kings_college_nhs,2026-05-05T12:18:53+00:00
2026-05-05 17:00:00,16.1,50,5.7,13.3,30.2,0.0,1009.4,97.0,100,22000.0,0.14,70.0,3,kings_college_nhs,2026-05-05T12:18:53+00:00
2026-05-05 18:00:00,15.8,51,5.7,8.3,19.8,0.0,1009.3,64.0,100,20480.0,0.1,50.0,3,kings_college_nhs,2026-05-05T12:18:53+00:00
2026-05-05 19:00:00,15.6,53,6.0,10.4,23.8,0.0,1009.3,28.0,99,21060.0,0.09,50.0,3,kings_college_nhs,2026-05-05T12:18:53+00:00
2026-05-05 20:00:00,15.2,55,6.2,11.2,25.6,0.0,1009.6,17.0,100,21560.0,0.08,60.0,3,kings_college_nhs,2026-05-05T12:18:53+00:00
2026-05-05 21:00:00,13.6,67,7.6,16.9,36.7,0.0,1010.2,0.0,100,20240.0,0.07,60.0,3,kings_college_nhs,2026-05-05T12:18:53+00:00
2026-05-05 22:00:00,12.7,70,7.3,15.8,34.2,0.0,1010.5,0.0,100,24120.0,0.04,40.0,3,kings_college_nhs,2026-05-05T12:18:53+00:00
2026-05-05 23:00:00,12.3,68,6.6,14.8,32.8,0.0,1010.7,0.0,100,28520.0,0.04,20.0,3,kings_college_nhs,2026-05-05T12:18:53+00:00
2026-05-06 00:00:00,11.4,69,5.9,15.8,34.6,0.1,1011.0,0.0,100,24680.0,0.04,10.0,51,kings_college_nhs,2026-05-05T12:18:53+00:00
2026-05-06 01:00:00,11.1,69,5.6,13.7,30.6,0.0,1011.0,0.0,100,29160.0,0.03,10.0,3,kings_college_nhs,2026-05-05T12:18:53+00:00
2026-05-06 02:00:00,10.6,71,5.6,14.0,31.3,0.0,1010.9,0.0,87,28480.0,0.03,10.0,3,kings_college_nhs,2026-05-05T12:18:53+00:00
2026-05-06 03:00:00,10.3,70,5.1,13.0,28.8,0.0,1010.8,0.0,100,29980.0,0.03,10.0,3,kings_college_nhs,2026-05-05T12:18:53+00:00
2026-05-06 04:00:00,10.1,70,4.9,12.2,26.6,0.0,1010.6,0.0,100,29280.0,0.03,20.0,3,kings_college_nhs,2026-05-05T12:18:53+00:00
2026-05-06 05:00:00,9.8,71,4.8,12.2,27.4,0.0,1010.7,0.0,85,27040.0,0.03,20.0,3,kings_college_nhs,2026-05-05T12:18:53+00:00
2026-05-06 06:00:00,9.3,69,3.9,12.6,27.7,0.0,1010.9,9.0,8,25960.0,0.03,0.0,0,kings_college_nhs,2026-05-05T12:18:53+00:00
2026-05-06 07:00:00,9.0,73,4.4,13.0,28.1,0.0,1011.0,112.0,1,22160.0,0.05,10.0,0,kings_college_nhs,2026-05-05T12:18:53+00:00
2026-05-06 08:00:00,9.5,68,3.9,14.0,31.3,0.0,1011.2,205.0,48,22380.0,0.1,20.0,1,kings_college_nhs,2026-05-05T12:18:53+00:00
2026-05-06 09:00:00,10.5,60,3.1,15.5,33.8,0.0,1011.5,375.0,38,25080.0,0.18,20.0,1,kings_college_nhs,2026-05-05T12:18:53+00:00
2026-05-06 10:00:00,11.7,51,1.9,14.0,33.5,0.0,1011.8,516.0,28,26980.0,0.25,60.0,1,kings_college_nhs,2026-05-05T12:18:53+00:00
2026-05-06 11:00:00,12.7,43,0.4,14.0,33.8,0.0,1011.7,584.0,38,27980.0,0.3,90.0,1,kings_college_nhs,2026-05-05T12:18:53+00:00
2026-05-06 12:00:00,13.1,44,1.1,15.5,35.6,0.0,1011.6,507.0,74,27620.0,0.29,110.0,2,kings_college_nhs,2026-05-05T12:18:53+00:00
2026-05-06 13:00:00,13.5,41,0.5,14.0,33.5,0.0,1011.5,588.0,56,28360.0,0.33,110.0,2,kings_college_nhs,2026-05-05T12:18:53+00:00
2026-05-06 14:00:00,14.2,37,-0.3,14.8,35.3,0.0,1011.2,497.0,77,28680.0,0.31,130.0,2,kings_college_nhs,2026-05-05T12:18:53+00:00
2026-05-06 15:00:00,13.8,43,1.4,15.8,36.7,0.0,1011.4,364.0,77,28860.0,0.25,110.0,2,kings_college_nhs,2026-05-05T12:18:53+00:00
2026-05-06 16:00:00,13.6,42,0.9,14.0,33.1,0.0,1011.3,355.0,76,29040.0,0.24,100.0,2,kings_college_nhs,2026-05-05T12:18:53+00:00
2026-05-06 17:00:00,13.4,42,0.8,12.6,29.9,0.0,1011.4,270.0,77,30960.0,0.2,70.0,2,kings_college_nhs,2026-05-05T12:18:53+00:00
2026-05-06 18:00:00,12.8,48,2.1,14.0,32.4,0.0,1011.6,115.0,98,31820.0,0.13,70.0,3,kings_college_nhs,2026-05-05T12:18:53+00:00
2026-05-06 19:00:00,12.4,49,2.0,14.8,33.1,0.0,1011.7,87.0,84,31000.0,0.12,60.0,3,kings_college_nhs,2026-05-05T12:18:53+00:00
2026-05-06 20:00:00,11.6,54,2.6,13.3,29.9,0.0,1012.0,44.0,53,31960.0,0.08,30.0,2,kings_college_nhs,2026-05-05T12:18:53+00:00
2026-05-06 21:00:00,10.6,62,3.6,13.7,29.9,0.0,1012.4,0.0,52,31500.0,0.06,20.0,2,kings_college_nhs,2026-05-05T12:18:53+00:00
2026-05-06 22:00:00,9.7,68,4.1,10.8,24.1,0.0,1012.7,0.0,31,30200.0,0.03,10.0,1,kings_college_nhs,2026-05-05T12:18:53+00:00
2026-05-06 23:00:00,9.5,74,5.1,8.6,19.4,0.0,1012.9,0.0,92,29780.0,0.01,10.0,3,kings_college_nhs,2026-05-05T12:18:53+00:00
2026-05-07 00:00:00,9.6,78,6.0,5.8,13.0,0.0,1013.1,0.0,95,28480.0,0.0,20.0,3,kings_college_nhs,2026-05-05T12:18:53+00:00
2026-05-07 01:00:00,9.7,80,6.4,4.7,10.8,0.0,1013.2,0.0,100,25960.0,0.0,30.0,3,kings_college_nhs,2026-05-05T12:18:53+00:00
2026-05-07 02:00:00,9.8,80,6.5,9.7,20.9,0.4,1013.3,0.0,100,23160.0,0.01,30.0,51,kings_college_nhs,2026-05-05T12:18:53+00:00
2026-05-07 03:00:00,9.5,78,5.9,7.2,16.6,0.0,1013.5,0.0,100,25640.0,0.0,10.0,3,kings_college_nhs,2026-05-05T12:18:53+00:00
2026-05-07 04:00:00,8.8,86,6.6,7.6,15.8,0.6,1013.5,0.0,100,16800.0,0.0,10.0,53,kings_college_nhs,2026-05-05T12:18:53+00:00
2026-05-07 05:00:00,9.0,81,5.9,7.2,15.8,0.0,1013.6,0.0,91,20180.0,0.0,10.0,3,kings_college_nhs,2026-05-05T12:18:53+00:00
2026-05-07 06:00:00,8.8,82,5.9,6.8,14.8,0.0,1014.0,8.0,88,17000.0,0.01,0.0,3,kings_college_nhs,2026-05-05T12:18:53+00:00
2026-05-07 07:00:00,8.9,81,5.8,6.8,15.1,0.0,1014.2,75.0,97,15780.0,0.04,0.0,3,kings_college_nhs,2026-05-05T12:18:53+00:00
2026-05-07 08:00:00,9.5,76,5.5,6.5,14.4,0.0,1014.5,166.0,99,15240.0,0.08,20.0,3,kings_college_nhs,2026-05-05T12:18:53+00:00
2026-05-07 09:00:00,10.4,70,5.2,6.5,14.8,0.0,1014.7,427.0,23,17600.0,0.18,20.0,1,kings_college_nhs,2026-05-05T12:18:53+00:00
2026-05-07 10:00:00,11.7,61,4.4,5.8,15.8,0.0,1014.8,398.0,88,18700.0,0.2,40.0,3,kings_college_nhs,2026-05-05T12:18:53+00:00
2026-05-07 11:00:00,12.9,53,3.4,4.8,15.8,0.0,1014.8,448.0,60,21105.0,0.24,57.5,1,kings_college_nhs,2026-05-05T12:18:53+00:00
2026-05-07 12:00:00,13.7,48,2.8,4.7,16.0,0.0,1014.6,465.0,84,20970.0,0.26,70.0,2,kings_college_nhs,2026-05-05T12:18:53+00:00
2026-05-07 13:00:00,14.3,44,2.3,3.8,15.0,0.0,1014.3,415.0,96,18355.0,0.25,62.5,3,kings_college_nhs,2026-05-05T12:18:53+00:00
2026-05-07 14:00:00,14.8,42,2.0,4.0,15.8,0.0,1014.1,342.0,99,20760.0,0.21,60.0,3,kings_college_nhs,2026-05-05T12:18:53+00:00
2026-05-07 15:00:00,15.2,40,1.7,5.4,18.0,0.0,1014.0,311.0,96,24120.0,0.19,60.0,3,kings_college_nhs,2026-05-05T12:18:53+00:00
2026-05-07 16:00:00,15.4,40,1.9,6.5,19.1,0.0,1013.8,270.0,94,27480.0,0.17,60.0,3,kings_college_nhs,2026-05-05T12:18:53+00:00
2026-05-07 17:00:00,15.5,40,1.9,6.5,18.4,0.0,1013.6,166.0,98,26540.0,0.13,60.0,3,kings_college_nhs,2026-05-05T12:18:53+00:00
2026-05-07 18:00:00,15.4,42,2.5,5.8,16.6,0.0,1013.5,127.0,100,25620.0,0.1,60.0,3,kings_college_nhs,2026-05-05T12:18:53+00:00
2026-05-07 19:00:00,15.1,45,3.3,5.8,15.8,0.0,1013.5,191.0,100,24680.0,0.11,60.0,3,kings_college_nhs,2026-05-05T12:18:53+00:00
2026-05-07 20:00:00,14.7,50,4.4,7.6,18.4,0.0,1013.8,80.0,83,24800.0,0.05,50.0,3,kings_college_nhs,2026-05-05T12:18:53+00:00
2026-05-07 21:00:00,14.0,56,5.4,9.7,22.0,0.0,1014.3,5.0,57,24940.0,0.03,40.0,2,kings_college_nhs,2026-05-05T12:18:53+00:00
2026-05-07 22:00:00,13.4,61,6.0,11.2,23.8,0.0,1014.7,0.0,36,25060.0,0.01,30.0,1,kings_college_nhs,2026-05-05T12:18:53+00:00
2026-05-07 23:00:00,12.9,62,5.8,10.4,21.6,0.0,1014.9,0.0,22,25260.0,0.0,20.0,1,kings_college_nhs,2026-05-05T12:18:53+00:00
2026-05-08 00:00:00,12.5,62,5.4,8.6,17.6,0.0,1014.9,0.0,11,25440.0,0.0,10.0,0,kings_college_nhs,2026-05-05T12:18:53+00:00
2026-05-08 01:00:00,12.0,62,5.0,6.8,14.0,0.0,1014.9,0.0,5,25640.0,0.0,0.0,0,kings_college_nhs,2026-05-05T12:18:53+00:00
2026-05-08 02:00:00,11.6,64,5.0,5.8,11.5,0.0,1014.8,0.0,3,25360.0,0.0,0.0,0,kings_college_nhs,2026-05-05T12:18:53+00:00
2026-05-08 03:00:00,11.1,67,5.2,4.7,9.4,0.0,1014.6,0.0,6,25100.0,0.0,0.0,0,kings_college_nhs,2026-05-05T12:18:53+00:00
2026-05-08 04:00:00,10.7,70,5.5,4.3,8.3,0.0,1014.5,0.0,17,24820.0,0.0,0.0,0,kings_college_nhs,2026-05-05T12:18:53+00:00
2026-05-08 05:00:00,10.4,73,5.7,4.7,9.4,0.0,1014.5,0.0,42,24500.0,0.0,0.0,1,kings_college_nhs,2026-05-05T12:18:53+00:00
2026-05-08 06:00:00,10.1,75,5.9,5.8,11.5,0.0,1014.5,10.0,75,24160.0,0.0,0.0,2,kings_college_nhs,2026-05-05T12:18:53+00:00
2026-05-08 07:00:00,10.2,77,6.3,6.5,13.0,0.0,1014.6,106.0,98,23840.0,0.03,0.0,3,kings_college_nhs,2026-05-05T12:18:53+00:00
2026-05-08 08:00:00,10.6,77,6.8,6.5,13.0,0.0,1014.8,245.0,100,24060.0,0.1,0.0,3,kings_college_nhs,2026-05-05T12:18:53+00:00
2026-05-08 09:00:00,11.3,76,7.2,6.1,12.6,0.0,1015.0,385.0,100,24280.0,0.18,10.0,3,kings_college_nhs,2026-05-05T12:18:53+00:00
2026-05-08 10:00:00,12.2,74,7.7,5.8,12.6,0.0,1015.2,557.0,94,24500.0,0.29,30.0,3,kings_college_nhs,2026-05-05T12:18:53+00:00
2026-05-08 11:00:00,13.2,71,8.1,6.1,14.0,0.2,1015.3,505.0,77,23580.0,0.29,80.0,51,kings_college_nhs,2026-05-05T12:18:53+00:00
2026-05-08 12:00:00,14.4,66,8.1,6.5,16.2,0.2,1015.2,591.0,55,22660.0,0.34,130.0,51,kings_college_nhs,2026-05-05T12:18:53+00:00
2026-05-08 13:00:00,15.5,61,8.0,6.8,17.6,0.2,1015.2,697.0,44,21740.0,0.41,170.0,51,kings_college_nhs,2026-05-05T12:18:53+00:00
2026-05-08 14:00:00,16.4,55,7.3,6.8,18.0,0.1,1015.1,567.0,59,22340.0,0.35,170.0,51,kings_college_nhs,2026-05-05T12:18:53+00:00
2026-05-08 15:00:00,17.1,49,6.3,6.5,17.6,0.1,1015.0,507.0,85,22920.0,0.33,150.0,51,kings_college_nhs,2026-05-05T12:18:53+00:00
2026-05-08 16:00:00,17.6,44,5.2,6.8,18.4,0.1,1014.9,373.0,98,23520.0,0.26,120.0,51,kings_college_nhs,2026-05-05T12:18:53+00:00
2026-05-08 17:00:00,17.9,42,4.8,8.6,21.6,0.0,1014.8,267.0,81,24700.0,0.21,90.0,3,kings_college_nhs,2026-05-05T12:18:53+00:00
2026-05-08 18:00:00,17.9,42,4.8,11.2,25.6,0.0,1014.8,239.0,50,25900.0,0.19,60.0,2,kings_college_nhs,2026-05-05T12:18:53+00:00
2026-05-08 19:00:00,17.7,43,4.9,13.0,28.4,0.0,1014.9,195.0,34,27080.0,0.15,30.0,1,kings_college_nhs,2026-05-05T12:18:53+00:00
2026-05-08 20:00:00,17.0,46,5.3,13.3,28.8,0.0,1015.3,95.0,49,26900.0,0.09,10.0,1,kings_college_nhs,2026-05-05T12:18:53+00:00
2026-05-08 21:00:00,16.0,50,5.6,13.3,27.7,0.0,1015.7,11.0,78,26720.0,0.03,10.0,2,kings_college_nhs,2026-05-05T12:18:53+00:00
2026-05-08 22:00:00,15.1,55,6.1,12.6,26.3,0.0,1016.1,0.0,100,26540.0,0.02,0.0,3,kings_college_nhs,2026-05-05T12:18:53+00:00
2026-05-08 23:00:00,14.4,60,6.7,11.9,24.1,0.0,1016.2,0.0,100,26220.0,0.02,0.0,3,kings_college_nhs,2026-05-05T12:18:53+00:00
2026-05-09 00:00:00,13.6,64,6.9,10.4,21.6,0.0,1016.2,0.0,100,25900.0,0.01,0.0,3,kings_college_nhs,2026-05-05T12:18:53+00:00
2026-05-09 01:00:00,13.0,69,7.5,9.7,19.4,0.0,1016.1,0.0,95,25580.0,0.01,0.0,3,kings_college_nhs,2026-05-05T12:18:53+00:00
2026-05-09 02:00:00,12.5,74,8.0,9.4,18.7,0.0,1015.9,0.0,88,24860.0,0.0,0.0,3,kings_college_nhs,2026-05-05T12:18:53+00:00
2026-05-09 03:00:00,12.1,78,8.4,9.4,18.4,0.0,1015.6,0.0,79,24120.0,0.0,0.0,2,kings_college_nhs,2026-05-05T12:18:53+00:00
2026-05-09 04:00:00,11.8,81,8.7,9.0,18.0,0.0,1015.5,0.0,75,23400.0,0.0,0.0,2,kings_college_nhs,2026-05-05T12:18:53+00:00
2026-05-09 05:00:00,11.5,83,8.7,8.3,16.9,0.0,1015.6,0.0,79,23300.0,0.0,0.0,2,kings_college_nhs,2026-05-05T12:18:53+00:00
2026-05-09 06:00:00,11.4,83,8.6,7.6,15.8,0.0,1015.9,9.0,88,23180.0,0.01,0.0,3,kings_college_nhs,2026-05-05T12:18:53+00:00
2026-05-09 07:00:00,11.7,82,8.7,7.6,15.8,0.0,1016.0,62.0,94,23080.0,0.03,0.0,3,kings_college_nhs,2026-05-05T12:18:53+00:00
2026-05-09 08:00:00,12.7,78,9.0,8.3,17.6,0.0,1016.0,157.0,96,24060.0,0.08,0.0,3,kings_college_nhs,2026-05-05T12:18:53+00:00
2026-05-09 09:00:00,14.2,72,9.2,10.1,20.9,0.0,1015.9,303.0,95,25020.0,0.16,10.0,3,kings_college_nhs,2026-05-05T12:18:53+00:00
2026-05-09 10:00:00,15.7,65,9.2,11.5,24.5,0.0,1015.7,459.0,89,26000.0,0.25,20.0,3,kings_college_nhs,2026-05-05T12:18:53+00:00
2026-05-09 11:00:00,17.3,57,8.7,13.3,28.8,0.0,1015.4,571.0,71,26520.0,0.33,30.0,2,kings_college_nhs,2026-05-05T12:18:53+00:00
2026-05-09 12:00:00,18.8,48,7.6,15.1,33.5,0.0,1014.9,634.0,46,27020.0,0.38,50.0,1,kings_college_nhs,2026-05-05T12:18:53+00:00
2026-05-09 13:00:00,20.0,41,6.3,16.6,37.1,0.0,1014.5,649.0,31,27540.0,0.4,60.0,1,kings_college_nhs,2026-05-05T12:18:53+00:00
2026-05-09 14:00:00,20.5,38,5.7,17.6,38.9,0.0,1014.1,607.0,34,27560.0,0.39,60.0,1,kings_college_nhs,2026-05-05T12:18:53+00:00
2026-05-09 15:00:00,20.6,38,5.8,18.0,39.6,0.0,1013.6,520.0,46,27600.0,0.34,60.0,1,kings_college_nhs,2026-05-05T12:18:53+00:00
2026-05-09 16:00:00,20.5,38,5.7,18.4,39.6,0.0,1013.2,436.0,56,27620.0,0.3,60.0,2,kings_college_nhs,2026-05-05T12:18:53+00:00
2026-05-09 17:00:00,20.2,38,5.4,18.4,39.2,0.0,1012.8,377.0,58,27620.0,0.26,50.0,2,kings_college_nhs,2026-05-05T12:18:53+00:00
2026-05-09 18:00:00,19.7,39,5.4,18.0,38.2,0.0,1012.4,310.0,58,27640.0,0.21,30.0,2,kings_college_nhs,2026-05-05T12:18:53+00:00
2026-05-09 19:00:00,19.0,42,5.8,17.3,36.4,0.0,1012.2,209.0,56,27640.0,0.15,20.0,2,kings_college_nhs,2026-05-05T12:18:53+00:00
2026-05-09 20:00:00,18.1,48,6.9,16.2,33.8,0.0,1012.3,91.0,52,27200.0,0.08,10.0,2,kings_college_nhs,2026-05-05T12:18:53+00:00
2026-05-09 21:00:00,17.0,56,8.2,14.8,30.6,0.0,1012.5,9.0,47,26740.0,0.04,0.0,1,kings_college_nhs,2026-05-05T12:18:53+00:00
2026-05-09 22:00:00,16.0,62,8.7,13.3,27.4,0.0,1012.5,0.0,47,26300.0,0.02,0.0,1,kings_college_nhs,2026-05-05T12:18:53+00:00
2026-05-09 23:00:00,15.3,66,9.0,12.2,24.5,0.0,1012.2,0.0,58,25960.0,0.01,0.0,2,kings_college_nhs,2026-05-05T12:18:53+00:00
2026-05-10 00:00:00,14.6,69,8.9,10.8,22.0,0.0,1011.6,0.0,76,25620.0,0.01,0.0,2,kings_college_nhs,2026-05-05T12:18:53+00:00
2026-05-10 01:00:00,14.1,71,8.9,10.1,20.2,0.0,1011.0,0.0,89,25280.0,0.0,0.0,3,kings_college_nhs,2026-05-05T12:18:53+00:00
2026-05-10 02:00:00,13.7,72,8.8,9.7,19.4,0.0,1010.2,0.0,94,25240.0,0.0,0.0,3,kings_college_nhs,2026-05-05T12:18:53+00:00
2026-05-10 03:00:00,13.5,71,8.3,9.4,19.1,0.0,1009.4,0.0,96,25220.0,0.0,0.0,3,kings_college_nhs,2026-05-05T12:18:53+00:00
2026-05-10 04:00:00,13.3,71,8.2,9.4,19.1,0.0,1008.7,0.0,97,25180.0,0.0,0.0,3,kings_college_nhs,2026-05-05T12:18:53+00:00
2026-05-10 05:00:00,13.2,72,8.2,9.0,18.4,0.0,1008.3,0.0,98,25140.0,0.0,0.0,3,kings_college_nhs,2026-05-05T12:18:53+00:00
2026-05-10 06:00:00,13.2,72,8.2,8.6,18.0,0.0,1008.0,2.0,99,25120.0,0.01,0.0,3,kings_college_nhs,2026-05-05T12:18:53+00:00
2026-05-10 07:00:00,13.5,72,8.6,9.0,18.4,0.0,1007.8,15.0,100,25080.0,0.02,0.0,3,kings_college_nhs,2026-05-05T12:18:53+00:00
2026-05-10 08:00:00,14.5,71,9.3,9.7,20.2,0.0,1007.6,53.0,100,25320.0,0.04,10.0,3,kings_college_nhs,2026-05-05T12:18:53+00:00
2026-05-10 09:00:00,15.8,68,9.9,11.2,23.4,0.0,1007.5,126.0,100,25540.0,0.07,20.0,3,kings_college_nhs,2026-05-05T12:18:53+00:00
2026-05-10 10:00:00,17.2,64,10.3,12.6,26.6,0.0,1007.3,214.0,100,25780.0,0.12,40.0,3,kings_college_nhs,2026-05-05T12:18:53+00:00
2026-05-10 11:00:00,18.8,56,9.9,14.4,30.6,0.0,1006.9,289.0,100,26360.0,0.17,70.0,3,kings_college_nhs,2026-05-05T12:18:53+00:00
2026-05-10 12:00:00,20.5,47,8.8,16.6,35.3,0.0,1006.5,348.0,100,26940.0,0.21,110.0,3,kings_college_nhs,2026-05-05T12:18:53+00:00
2026-05-10 13:00:00,21.9,40,7.7,18.0,38.2,0.0,1006.0,398.0,100,27520.0,0.25,140.0,3,kings_college_nhs,2026-05-05T12:18:53+00:00
2026-05-10 14:00:00,22.7,36,6.9,17.6,37.4,0.0,1005.5,451.0,100,26340.0,0.28,160.0,3,kings_college_nhs,2026-05-05T12:18:53+00:00
2026-05-10 15:00:00,23.2,34,6.5,16.2,35.3,0.0,1004.9,482.0,100,25180.0,0.29,180.0,3,kings_college_nhs,2026-05-05T12:18:53+00:00
2026-05-10 16:00:00,23.1,35,6.8,16.2,35.6,0.0,1004.6,455.0,100,24000.0,0.26,180.0,3,kings_college_nhs,2026-05-05T12:18:53+00:00
2026-05-10 17:00:00,22.1,40,7.8,19.1,41.4,0.0,1004.7,363.0,100,24280.0,0.21,150.0,3,kings_college_nhs,2026-05-05T12:18:53+00:00
2026-05-10 18:00:00,20.5,47,8.8,23.8,49.3,0.0,1005.0,247.0,100,24580.0,0.14,90.0,3,kings_college_nhs,2026-05-05T12:18:53+00:00
2026-05-10 19:00:00,18.7,55,9.5,26.3,54.0,0.0,1005.4,143.0,100,24860.0,0.08,50.0,3,kings_college_nhs,2026-05-05T12:18:53+00:00
2026-05-10 20:00:00,16.8,63,9.7,25.6,52.2,0.0,1005.9,60.0,100,24120.0,0.03,30.0,3,kings_college_nhs,2026-05-05T12:18:53+00:00
2026-05-10 21:00:00,14.6,71,9.4,22.7,46.8,0.0,1006.6,6.0,100,23400.0,0.01,20.0,3,kings_college_nhs,2026-05-05T12:18:53+00:00
2026-05-10 22:00:00,12.9,77,9.0,20.9,42.8,0.0,1007.1,0.0,100,22660.0,0.0,10.0,3,kings_college_nhs,2026-05-05T12:18:53+00:00
2026-05-10 23:00:00,13.4,71,8.2,23.4,47.5,0.0,1006.6,0.0,100,22760.0,0.0,20.0,3,kings_college_nhs,2026-05-05T12:18:53+00:00
2026-05-11 00:00:00,12.1,74,7.6,22.0,45.4,0.0,1007.0,0.0,100,22860.0,0.0,10.0,3,kings_college_nhs,2026-05-05T12:18:53+00:00
2026-05-11 01:00:00,11.1,76,7.0,21.2,43.6,0.0,1007.3,0.0,100,22960.0,0.0,10.0,3,kings_college_nhs,2026-05-05T12:18:53+00:00
2026-05-11 02:00:00,10.4,77,6.6,20.5,42.5,0.0,1007.5,0.0,100,23160.0,0.0,10.0,3,kings_college_nhs,2026-05-05T12:18:53+00:00
2026-05-11 03:00:00,9.9,78,6.3,19.8,41.0,0.0,1007.7,0.0,100,23360.0,0.0,0.0,3,kings_college_nhs,2026-05-05T12:18:53+00:00
2026-05-11 04:00:00,9.6,78,5.9,19.4,40.3,0.0,1007.9,0.0,100,23560.0,0.0,0.0,3,kings_college_nhs,2026-05-05T12:18:53+00:00
2026-05-11 05:00:00,9.4,77,5.5,18.7,39.6,0.0,1008.0,0.0,100,23740.0,0.0,0.0,3,kings_college_nhs,2026-05-05T12:18:53+00:00
2026-05-11 06:00:00,9.3,76,5.3,18.4,38.9,0.0,1008.3,8.0,100,23940.0,0.02,10.0,3,kings_college_nhs,2026-05-05T12:18:53+00:00
2026-05-11 07:00:00,9.4,73,4.8,18.4,38.9,0.0,1008.6,51.0,95,24140.0,0.04,10.0,3,kings_college_nhs,2026-05-05T12:18:53+00:00
2026-05-11 08:00:00,9.7,68,4.0,18.7,39.2,0.0,1009.0,108.0,86,24560.0,0.07,20.0,3,kings_college_nhs,2026-05-05T12:18:53+00:00
2026-05-11 09:00:00,10.2,62,3.3,19.1,40.7,0.0,1009.6,180.0,72,24980.0,0.11,30.0,2,kings_college_nhs,2026-05-05T12:18:53+00:00
2026-05-11 10:00:00,10.9,54,1.9,19.8,42.1,0.0,1010.2,264.0,56,25420.0,0.15,40.0,2,kings_college_nhs,2026-05-05T12:18:53+00:00
2026-05-11 11:00:00,11.6,47,0.6,20.5,43.6,0.0,1010.8,353.0,41,25840.0,0.2,50.0,1,kings_college_nhs,2026-05-05T12:18:53+00:00
2026-05-11 12:00:00,12.1,41,-0.8,20.9,44.3,0.0,1011.4,433.0,30,26260.0,0.25,60.0,1,kings_college_nhs,2026-05-05T12:18:53+00:00
2026-05-11 13:00:00,12.4,37,-1.9,20.9,44.6,0.0,1012.0,492.0,25,26680.0,0.28,70.0,1,kings_college_nhs,2026-05-05T12:18:53+00:00
2026-05-11 14:00:00,12.5,36,-2.2,20.5,43.9,0.0,1012.5,526.0,28,25980.0,0.3,70.0,1,kings_college_nhs,2026-05-05T12:18:53+00:00
2026-05-11 15:00:00,12.4,37,-1.9,19.8,42.8,0.0,1013.1,535.0,39,25280.0,0.3,70.0,1,kings_college_nhs,2026-05-05T12:18:53+00:00
2026-05-11 16:00:00,12.2,39,-1.4,19.1,41.0,0.0,1013.6,511.0,53,24600.0,0.29,70.0,2,kings_college_nhs,2026-05-05T12:18:53+00:00
2026-05-11 17:00:00,11.8,42,-0.7,18.4,39.2,0.0,1014.1,450.0,67,23900.0,0.25,70.0,2,kings_college_nhs,2026-05-05T12:18:53+00:00
2026-05-11 18:00:00,11.5,45,-0.1,17.3,37.4,0.0,1014.7,356.0,77,23200.0,0.2,70.0,2,kings_college_nhs,2026-05-05T12:18:53+00:00
2026-05-11 19:00:00,11.0,48,0.4,16.6,35.6,0.0,1015.3,239.0,80,22500.0,0.13,60.0,3,kings_college_nhs,2026-05-05T12:18:53+00:00
2026-05-11 20:00:00,10.5,52,1.0,15.8,33.8,0.0,1016.0,115.0,74,22820.0,0.06,50.0,2,kings_college_nhs,2026-05-05T12:18:53+00:00
2026-05-11 21:00:00,9.7,56,1.4,14.8,32.0,0.0,1016.9,15.0,60,23120.0,0.01,40.0,2,kings_college_nhs,2026-05-05T12:18:53+00:00
2026-05-11 22:00:00,8.9,61,1.8,14.0,29.9,0.0,1017.8,0.0,43,23440.0,0.0,30.0,1,kings_college_nhs,2026-05-05T12:18:53+00:00
2026-05-11 23:00:00,8.2,66,2.2,13.0,28.1,0.0,1018.7,0.0,26,23760.0,0.0,20.0,1,kings_college_nhs,2026-05-05T12:18:53+00:00
